{
  "project_info": {
    "project_number": "536626976107",
    "firebase_url": "https://arcfelismeres-3546a.firebaseio.com",
    "project_id": "arcfelismeres-3546a",
    "storage_bucket": "arcfelismeres-3546a.appspot.com"
  },
  "client": [
    {
      "client_info": {
        "mobilesdk_app_id": "1:536626976107:android:943705c3ca181aaabda82e",
        "android_client_info": {
          "package_name": "com.example.app"
        }
      },
      "oauth_client": [
        {
          "client_id": "536626976107-ti0cq6b33cg275f57b0qmf3qqponi8eo.apps.googleusercontent.com",
          "client_type": 1,
          "android_info": {
            "package_name": "com.example.app",
            "certificate_hash": "7c8b71e8f1824a911f8cbe70dfc1ba55a805bb59"
          }
        },
        {
          "client_id": "536626976107-epr3lk4suueb99jh4klfl6425s50joe9.apps.googleusercontent.com",
          "client_type": 3
        }
      ],
      "api_key": [
        {
          "current_key": "AIzaSyBniT__mfxgd6iFXmwk3C5YPnSpdqGBYIk"
        }
      ],
      "services": {
        "appinvite_service": {
          "other_platform_oauth_client": [
            {
              "client_id": "536626976107-epr3lk4suueb99jh4klfl6425s50joe9.apps.googleusercontent.com",
              "client_type": 3
            }
          ]
        }
      }
    }
  ],
  "configuration_version": "1"
}